<application>
  <component name="FSharpCodeFoldingSettings">
    <option name="collapseHashDirectives" value="false" />
  </component>
  <component name="RiderCodeCompletionExtraSettings">
    <option name="allowToCompleteWithWhitespace" value="false" />
    <option name="alwaysCompleteWithEnter" value="false" />
    <option name="hasNotifiedAboutCompletingWithSpace" value="true" />
  </component>
  <component name="RiderDefaultCodeFoldingSettings">
    <option name="collapseRegions" value="false" />
  </component>
</application>