<application>
  <component name="ProjectManager">
    <defaultProject>
      <component name="Encoding" addBOMForNewFiles="with BOM under Windows, with no BOM otherwise" />
      <component name="PropertiesComponent">{
  &quot;keyToString&quot;: {
    &quot;settings.editor.selected.configurable&quot;: &quot;preferences.pluginManager&quot;
  }
}</component>
      <component name="WindowStateProjectService">
        <state x="872" y="309" key="Rider.ProjectTemplateDialog.Size" timestamp="1678042078538">
          <screen x="0" y="0" width="2560" height="1410" />
        </state>
        <state x="872" y="309" key="Rider.ProjectTemplateDialog.Size/-2560.0.2560.1410/0.0.2560.1410" timestamp="1678042078538" />
        <state x="781" y="218" key="SettingsEditor" timestamp="1677626034007">
          <screen x="0" y="0" width="2560" height="1410" />
        </state>
        <state x="781" y="218" key="SettingsEditor/-2560.0.2560.1410/0.0.2560.1410" timestamp="1677626034007" />
      </component>
    </defaultProject>
  </component>
</application>