<application>
  <component name="com.intellij.ide.ui.customization.CustomActionsSchema">
    <group value="RunToolbarWidgetAction" is_action="true" action_type="-1" position="4">
      <path value="root" />
      <path value="Toolbar" />
      <path value="Right Side" />
      <option name="myInitialPosition" value="-1" />
    </group>
    <group value="SolutionViewActiveConfigurationAndPlatform" is_action="true" action_type="-1" position="3">
      <path value="root" />
      <path value="Toolbar" />
      <path value="Right Side" />
      <option name="myInitialPosition" value="-1" />
    </group>
    <group value="SegmentedVcsControlAction" is_action="true" action_type="-1" position="2">
      <path value="root" />
      <path value="Toolbar" />
      <path value="Left Side" />
      <option name="myInitialPosition" value="-1" />
    </group>
    <group value="UnityToolbarActions" is_group="true" action_type="-1" position="2">
      <path value="root" />
      <path value="Toolbar" />
      <path value="Right Side" />
      <option name="myInitialPosition" value="-1" />
    </group>
    <group value="Forward" is_action="true" action_type="-1" position="1">
      <path value="root" />
      <path value="Toolbar" />
      <path value="Left Side" />
      <option name="myInitialPosition" value="-1" />
    </group>
    <group value="BuildSolutionAction" is_action="true" action_type="-1" position="1">
      <path value="root" />
      <path value="Toolbar" />
      <path value="Right Side" />
      <option name="myInitialPosition" value="-1" />
    </group>
    <group value="Back" is_action="true" action_type="-1" position="0">
      <path value="root" />
      <path value="Toolbar" />
      <path value="Left Side" />
      <option name="myInitialPosition" value="-1" />
    </group>
    <group value="UnrealInteractionToolbar" is_group="true" action_type="-1" position="0">
      <path value="root" />
      <path value="Toolbar" />
      <path value="Right Side" />
      <option name="myInitialPosition" value="-1" />
    </group>
    <group value="SolutionViewActiveConfigurationAndPlatform" is_action="true" action_type="1" position="0">
      <path value="root" />
      <path value="Toolbar" />
      <path value="Left Side" />
      <option name="myInitialPosition" value="-1" />
    </group>
    <group value="SegmentedVcsControlAction" is_action="true" action_type="1" position="0">
      <path value="root" />
      <path value="Toolbar" />
      <path value="Right Side" />
      <option name="myInitialPosition" value="-1" />
    </group>
    <group value="RunToolbarWidgetAction" is_action="true" action_type="1" position="1">
      <path value="root" />
      <path value="Toolbar" />
      <path value="Left Side" />
      <option name="myInitialPosition" value="-1" />
    </group>
    <group value="BuildSolutionAction" is_action="true" action_type="1" position="2">
      <path value="root" />
      <path value="Toolbar" />
      <path value="Left Side" />
      <option name="myInitialPosition" value="-1" />
    </group>
  </component>
</application>