<keymap version="1" name="Visual Studio copy" parent="Visual Studio">
  <action id="BuildSolutionAction">
    <keyboard-shortcut first-keystroke="shift ctrl b" />
    <keyboard-shortcut first-keystroke="f7" />
  </action>
  <action id="CleanSolutionAction">
    <keyboard-shortcut first-keystroke="f8" />
  </action>
  <action id="CompileDirty" />
  <action id="Console.TableResult.NavigateAction" />
  <action id="EditSource" />
  <action id="GotoRelated" />
  <action id="NextDiff" />
  <action id="NextEditorTab" />
  <action id="OpenWinFormsCodeAction" />
  <action id="SwitchDesignerToCode" />
  <action id="ToggleBookmark">
    <keyboard-shortcut first-keystroke="ctrl k" second-keystroke="k" />
    <keyboard-shortcut first-keystroke="ctrl k" second-keystroke="ctrl k" />
    <keyboard-shortcut first-keystroke="f4" />
  </action>
  <action id="Vcs.EditSource" />
  <action id="VimPluginToggle">
    <keyboard-shortcut first-keystroke="ctrl alt v" />
  </action>
  <action id="XDebugger.JumpToSource" />
</keymap>